/2024/01/devops-interview-questions/ /2024/01/how-to-interview-devops-candidates/ 301
/2024/01/ładne-kwiatki-czyli-wywod-o-pielegnacji-roslin-doniczkowych/ /2024/01/ladne-kwiatki-czyli-wywod-o-pielegnacji-roslin-doniczkowych/ 301
/2023/04/the-best-way-to-get-nvm-working-in-ci/cd-systems/ /2023/04/the-best-way-to-get-nvm-working-in-ci-cd-systems/ 301
/2022/09/use-volume-for-all-mutable-temporary-file-locations /2022/09/best-practices-for-writing-dockerfiles-use-volume-for-all-mutable-temporary-file-locations/ 301
/2022/09/use-dockerignore /2022/09/best-practices-for-writing-dockerfiles-use-dockerignore/ 301
/2021/11/resize-images-on-macos-from-command-line/ /2021/11/resize-images-from-command-line-on-macos/ 301
/2021/01/how-old-are-docker-official-images/ /2021/01/how-old-are-official-docker-images/ 301
/2016/02/some-usefull-commands-in-docker/ /2016/02/some-useful-commands-in-docker/ 301
/2013/11/reset-user-password-of-in-your-own-ghost-blog/ /2013/11/reset-user-password-in-your-own-ghost-blog/ 301
/2012/11/couchdb-automatyczne-kompaktowanie-baz-w-wersji-0-11-x/ /2012/11/automatically-compact-couchdb-databases-in-0-11-x/ 301
/2011/08/statystyki-odwiedzin-dla-wielu-serwisow-w-wirtualnym-hostingu-z-awstats/ /2011/08/statystyki-odwiedzin-dla-wielu-serwisow-z-awstats/ 301
/2011/12/konfiguracja / 301
/2012/12/generator-hashy-z-baza-w-chmurze/ / 301
/2014/03/a-short-brake/ / 301
/2014/06/rhel-7-rc-minimal-installation-from-ftp / 301
/2016/09/near-conferences/ / 301
/404.html /404/ 301
/category/howto/tip/ / 301
/havefun/ / 301
/home/timor/.config/pipewire/pipewire.conf.d/dsp-defaults.conf / 301
/images/book-cover.webp / 301
/images/cover.webp / 301
/root/.rsync-passwd / 301
/srv/backup/server / 301
/tmp / 301
/tmp/eaccelerator / 301
/tmp/server_sync / 301
/tmp/server_sync_block / 301
/var/cache/dnf / 301
/var/lib/apt/lists / 301
/var/lib/memcache / 301
/var/tmp / 301
/var/www/site1/ / 301
/wp-content/uploads/2012/06/network-bridge-vlan.gz / 301
/wp-json/ / 301
/tag/* /tags/:splat 301
/category/* /categories/:splat 301
/main/* / 301
/author/* /authors/:splat 301
/favicon-16x16.ico /favicon-16x16.png 301
/favicon-32x32.ico /favicon-32x32.png 301
/favicon-72x72.ico /favicon-72x72.png 301
/apple-touch-icon.ico /apple-touch-icon.png 301
